"Art. 2o São Poderes da União, independentes e harmônicos entre s",Poderes da União,"O Legislativo, o Executivo e o Judiciário são poderes da União que funcionam juntos em harmonia. Cada um tem sua própria função importante na governança do país.","Legislativo, Executivo, Judiciário.","Direito Constitucional, Direito Administrativo",-,"1. Legislativo, Executivo e Judiciário: Refere-se às três poderes do governo brasileiro, responsáveis por executar as leis, fazer a legislação e interpretá-las, respectivamente",,Lei
Art. 4o A República Federativa do Brasil rege-se nas suas relaçõ,Princípios da Relação Internacional Brasileira,"O Brasil tem 10 princípios fundamentais nas suas relações internacionais, incluindo","Brasil, América Latina, República Federativa do Brasil.","Direito Constitucional, Direitos Humanos e Direito Internacional","- Multas, prisão.","1.  Autodeterminação dos povos: O direito dos povos à autogoverno e à capacidade de decidir sobre seu próprio destino, incluindo a possibilidade de se separar ou unir-se com outros países",,Decreto
"Art. 6o São direitos sociais a educação, a saúde, a alimentação,",Direitos Sociais da Constituição,"Os direitos sociais incluem educação, saúde, alimentação, trabalho, moradia, transporte, lazer e segurança. Além disso, existem proteções específicas para a maternidade, infância, desamparados e previdência social.","Educação, Saúde, Previdência Social.","Direito Social, Direito Trabalhista","Multas, prisão e advertências.",1. Educação: direito ao conhecimento e desenvolvimento pessoal,,Decreto
"Art. 8o É livre a associação profissional ou sindical, observado",Direito à Associação Profissional,O artigo 80 estabelece regras sobre a liberdade da associação profissional e sindical.,"Sindicatos, Estado, Municípios.",Direito Trabalhista,- Dispensa do empregado sindicalizado.,1.  Artigo: um dispositivo do código que estabelece regras e normas para a aplicação das leis,,Decreto
"Art. 5o Todos são iguais perante a lei, sem distinção de qualque",Todos são iguais perante a lei,"A seguir, está um resumo simplificado dos capítulos II a V da Constituição Federal Brasileira de 1988","Partidos políticos, Organizações sindicais, Entidades de classe, Associações.","Aqui estão os direitos sociais, listados em categorias separadas por vírgula","Não há saudação ou despedida no texto fornecido. Portanto, a instrução ""Remova o texto de saudação ou despedida"" não é aplicável",Aqui estão as explicações dos direitos sociais mencionados na Constituição,Aqui estão as normas constitucionais relacionadas aos direitos sociais,"LXVII – não haverá prisão civil por dívida, salvo a do responsável pelo inadimplemento voluntário e inescusável de obrigação alimentícia"
"Art. 1o A República Federativa do Brasil, formada pela união ind",Estado Democrático de Direito do Brasil,"O Brasil é uma república democrática, formada por estados, municípios e Distrito Federal. Sua Constituição enfatiza cinco fundamentos","Povo, Estado, República Federativa do Brasil.","Direito Constitucional, Direito Administrativo",Multas.,"1.  soberania: A ideia de que um Estado tem a autoridade absoluta e inalienável para governar seus territórios, sem interferência externa",,Decreto
"Art. 9o É assegurado o direito de greve, competindo aos trabalha",Direito à Greve nos Trabalhos,"Trabalhadores têm direito a greve, mas precisam decidir quando exercer. A lei determina quais serviços são essenciais e como atender às necessidades básicas da comunidade durante uma greve. Abusos de greve podem resultar em penalidades legais.","Trabalhadores, Lei.","Direito Trabalhista, Direito Penal","Multas, prisão.","1. Abuso, referido à ação ilegal cometida por alguém que viola direitos e normas jurídicas estabelecidas para proteger indivíduos ou coletividades",,Decreto
Art. 3o Constituem objetivos fundamentais da República Federativ,Objetivos Fundamentais da República Federativa do Brasil,"O objetivo principal da República Federativa do Brasil é construir uma sociedade justa e solidária, onde todos tenham acesso a oportunidades iguais. O país busca promover o bem-estar de todos, independentemente de sua origem, raça, sexo ou idade. Além disso, os objetivos incluem garantir o desenvolvimento nacional, erradicar a pobreza e reduzir as desigualdades sociais e regionais.","República Federativa do Brasil, sociedade.","Direito Constitucional, Direito Social",Multas.,"1. Desigualdades sociais e regionais: Referem-se à diferença significativa entre diferentes grupos dentro da população, geralmente relacionada a fatores como renda, educação ou condição socioeconômica",,Decreto
"Art. 7o São direitos dos trabalhadores urbanos e rurais, além de",Direitos dos Trabalhadores Urbanos e Rurais,Os direitos dos trabalhadores urbanos e rurais incluem,"Constituição da República Federativa do Brasil, EC no 20/98, EC no 28/2000, EC no 53/2006, EC no 72/2013.","Direito Trabalhista, Direito Civil e Direito Administrativo",Multas.,1.  Termo: Indenização compensatória - Refere-se a um pagamento feito pelo empregador ao trabalhador para compensar uma perda patrimonial sofrida devido à despedida arbitrária ou sem justa causa,20/98,Lei
Art. 10. É assegurada a participação dos trabalhadores e emprega,Participação dos Trabalhadores em Colegiados Públicos,Os trabalhadores e empregadores têm direito a participar nas discussões e decisões sobre questões relacionadas ao seu trabalho. Isso inclui as reuniões de órgãos públicos onde os seus interesses são discutidos.,"órgãos públicos, trabalhadores, empregadores","Direito Trabalhista, Direito Administrativo",-,"1. Colegiado, um órgão colegiado é um corpo que toma decisões com a participação de membros eleitos por diferentes partes interessadas. Nesse caso, os trabalhadores e empregadores fazem parte desses órgãos públicos",,Decreto
"Art. 11. Nas empresas de mais de duzentos empregados, é assegura",Eleição de representante dos empregados,Um representante é eleito nas empresas com mais de 200 funcionários para melhorar a comunicação entre os empregados e os patrões.,"Empresas, Capítulo.","Direito Trabalhista, Direito Civil",-,"1.  Ducentos - Refere-se ao número exato de pessoas, neste caso, 200 empregados",,Decreto
"Art. 12. São brasileiros: (ECR no 3/94, EC no 23/99 e EC no 54/2",São brasileiros natos e naturalizados,Resumo:,"República Federativa do Brasil, Câmara dos Deputados, Senado Federal.",Direito Constitucional,"Multas, prisão.",1.  Reciprocidade: Refere-se à prática de conceder direitos e benefícios a cidadãos de um país em troca de os mesmos serem concedidos a cidadãos do outro país,,Decreto
Art. 14. A soberania popular será exercida pelo sufrágio univers,Exercio da Soberania Popular,Aqui está um resumo simplificado do artigo,"Pessoas, Presidente da República, Governadores, Prefeitos.","Direito Eleitoral, Direitos e Garantias Fundamentais","Multas, prisão e advertências.","1.  Iniciativa popular: é o direito do cidadão que pode propor a criação, alteração ou abolição de leis e instituições políticas",,Decreto
"Art. 15. É vedada a cassação de direitos políticos, cuja perda o",Cassação de direitos políticos é vedada,"O artigo 15 do texto define quando é permitido cassar direitos políticos. Isso só pode acontecer em casos específicos, como","Pessoas, órgãos públicos.","Direito Constitucional, Direito Penal",Multas; prisão e advertências,"1. Naturalização: é a aquisição da cidadania de um país, geralmente após residir nele por um período determinado e cumprir requisitos específicos",,Decreto
Art. 13. A língua portuguesa é o idioma oficial da República Fed,Símbolos da República Federativa do Brasil,"O Brasil tem a língua portuguesa como idioma oficial. A bandeira, hino e armas são símbolos da República Federativa do Brasil. Os Estados e Municípios também podem ter seus próprios símbolos.","República Federativa do Brasil, Distrito Federal, Estados, Municípios.","Direito Constitucional, Direito Administrativo",-,"1. Símbolos nacionais: são representações visuais que simbolizam a identidade e o poder do Estado, como bandeira, hino, armas e selo",,Decreto
"Art. 20. São bens da União: (EC no 46/2005)
I – os que atualment",Bens da União - Lei Federal nº 46/2005,Os bens da União incluem,"União, Estado, Município.","Direito Administrativo, Direito Tributário",Multas.,"1.  Bens da União: referem-se aos bens que pertencem à União Federal, incluindo terras devolutas e recursos naturais",,Decreto
"Art. 17. É livre a criação, fusão, incorporação e extinção de pa",Criação e Regulamentação de Partidos Políticos,Aqui está um resumo do artigo,"Pessoas, governo, Tribunal Superior Eleitoral.","Direito Constitucional, Direito Administrativo","Multa, prisão e advertências.","1.  caráter nacional: Refere-se à característica de um partido político que deve ser compatível com as necessidades e valores do país, garantindo a soberania nacional",12 de março de 2021  EC no 52/2006,Lei
Art. 16. A lei que alterar o processo eleitoral entrará em vigor,Alteração do Processo Eleitoral,"Um artigo do código eleitoral brasileiro diz que as leis que alteram os processos eleitorais só entram em vigor após a publicação, mas com uma exceção: elas não se aplicam às eleições realizadas até um ano após a data de entrada em vigor.","Partido, Eleição, Lei.","Direito Eleitoral, Direito Processual",-,"1. EC no 4/93 - Excepcionalidade Constitucional, referente a uma alteração na constituição feita por meio de um plebiscito ou votação popular",12 de março de 2021,Decreto
"Art. 19. É vedado à União, aos Estados, ao Distrito Federal e ao",Vedas à Religiosidade Pública,"O artigo 19 proíbe a União, os Estados, o Distrito Federal e os Municípios","União, Estados, Distrito Federal e Municípios.","Direito Administrativo, Direito Tributário e Direito Penal","Multas, prisão e advertências.","1. Colaboração de interesse público: Refere-se à ação conjunta entre diferentes partes para atingir um objetivo comum, que pode ser benéfico para todas as partes envolvidas",,Decreto
Art. 18. A organização político-administrativa da República Fede,Organização Política da República Federativa do Brasil,"A República Federativa do Brasil é dividida em quatro partes principais: União, Estados, Distrito Federal e Municípios. Cada uma dessas unidades tem autonomia dentro de suas fronteiras","União, Estados, Municípios.","Direito Constitucional, Direito Administrativo",Multas.,"1. Autonomia: Refere-se à capacidade dos Municípios, Estados e Distrito Federal de agir de forma independente em relação ao governo federal",15/96,Decreto
"Art. 24. Compete à União, aos Estados e ao Distrito Federal legi",Legislação Concorrente da União,"O artigo 24 da Constituição Brasileira define as competências concorrentes entre a União, os Estados e o Distrito Federal. Isso significa que esses entes federativos podem legislar sobre áreas específicas sem precisar pedir autorização à União","União, Estados, Distrito Federal.",Direito Tributário,Multas.,"1.  Direito Tributário, financeiro, penitenciário, econômico e urbanístico:",29,Lei
"Art. 21. Compete à União: (EC no 8/95, EC no 19/98, EC no 49/200",Competências da União,"O artigo 21 da Constituição define as competências do governo federal. Em resumo, isso inclui","União, Estados estrangeiros, Organizações internacionais.","Direito Constitucional, Direito Administrativo, Direito Tributário",Multas.,"1. Estado de sítio, estado de defesa e intervenção federal (situções de emergência em que a autoridade governamental assume medidas exceptionais para garantir a ordem pública",,Lei
Art. 22. Compete privativamente à União legislar sobre: (EC no 1,Legislação da União Federal,"O Artigo 22 do Estatuto do Desembargador Eleito estabelece as áreas que competem privativamente à União, incluindo","União, Polícias militares, Defensoria Pública dos Territórios.","Direito Constitucional, Direito Administrativo, Direito Tributário","Multas, prisão e advertências.","1.  Requisições civis e militares, em caso de iminente perigo e em tempo de guerra:",,Decreto
Art. 25. Os Estados organizam-se e regem-se pelas Constituições ,Competências dos Estados,"Os Estados podem se organizar e governar com suas próprias constituições e leis, desde que sigam os princípios desta Constituição. Eles têm competências específicas que não são vedadas pela Constituição federal. Além disso, os estados podem explorar serviços de gás canalizado diretamente ou por meio de concessões. Os estados também podem criar regiões metropolitanas e aglomerações urbanas para melhorar a organização e execução de funções públicas comuns.","Constituição, Estados.","Direito Constitucional, Direito Administrativo",Multas.,"1.  Lei complementar: É um tipo de lei que complemente a Constituição e as leis ordinárias, podendo ser editada por meio do Congresso Nacional",,Decreto
"Art. 23. É competência comum da União, dos Estados, do Distrito ",Competência comum da União e dos Municípios,Aqui está um resumo do artigo,"União, Estados, Distrito Federal e Municípios.","Direito Administrativo, Direito Tributário e Direito Ambiental",Multas.,1. Termo: Concessão,28 de março de 2006,Decreto
"Art. 26. Incluem-se entre os bens dos Estados:
I – as águas supe",Bens dos Estados,"O artigo 26 lista os bens dos Estados, incluindo","Estados, União, Municípios.","Direito Administrativo, Direito Tributário","Multas, prisão e advertências.","1. Águas superficiais e subterrâneas: referem-se às águas que fluem na superfície da terra, como rios, lagos, etc., bem como as águas que se encontram por baixo do solo",,Decreto
"Art. 28. A eleição do Governador e do Vice-Governador de Estado,",Eleição do Governador e Vice-Governador,"O artigo 28 estabelece as regras para a eleição do Governador e Vice-Governador de Estado. A eleição ocorre em dois turnos, no primeiro domingo de outubro e no último domingo de outubro, se necessário. O mandato dura quatro anos. Se o governador assumir outro cargo na administração pública, perderá o mandato. Os subsídios do governador e vice-governador são fixados por lei da Assembléia Legislativa.","Governador, Vice-Governador, Assembléia Legislativa.","Direito Administrativo, Direito Tributário",Multas.,"1.  Termo: Mandato - Refere-se ao período durante o qual alguém ocupa um cargo público, como governador do estado",12/10/2021,Lei
Art. 27. O número de Deputados à Assembléia Legislativa correspo,Mandado dos Deputados Estaduais,"O número de Deputados Estaduais na Assembléia Legislativa é igual ao triplo do número de representantes estaduais na Câmara dos Deputados. Quando ultrapassar 36, os Deputados Federais acima de 12 também são contabilizados","Deputados, Assembléia Legislativa, Câmara dos Deputados.","Direito Constitucional, Direito Eleitoral","Multas, prisão e advertências.","1.  Termo: Câmara dos Deputados - É a casa legislativa federal, onde são escolhidos os representantes do povo para decidir sobre as leis e políticas públicas do país",,Decreto
"Art. 29. O Município reger-se-á por lei orgânica, votada em dois",Regras para o Município Reger-se por Lei Orgânica,Resumo do artigo 29 da Constituição Brasileira,"Câmara Municipal, Assembléia Legislativa, Tribunal de Justiça.","a) subsídios do Prefeito, do VicePrefeito e dos Secretários Municipais",A seguir está a resposta correta,"Aqui estão as explicações para cada termo, seguidas das sugestões de reparo",Aqui está a resposta completa,"Lei nº 11441, de 15 de março de 2006"
"Art. 29-A. O total da despesa do Poder Legislativo Municipal, in",Percentuais máximos para despesas do Poder Legislativo Municipal,"O Congresso Municipal pode gastar no máximo 7% do total da receita com despesas, dependendo do tamanho da cidade. As regras são","Poder Legislativo Municipal, Câmara Municipal, Prefeito Municipal, Presidente da Câmara Municipal.","Direito Administrativo, Direito Tributário","Multas, prisão e advertências.",1. Termo: EC - Exequível Constitucional,25/2000,Decreto
"Art. 30. Compete aos Municípios: (EC no 53/2006)
I – legislar so",Compete aos Municípios em questões locais,"Os municípios têm certas responsabilidades, como","Municípios, União, Estado.","Direito Administrativo, Direito Tributário",Multas.,"1. Termo: Concessão - É um direito concedido a uma pessoa física ou jurídica para exercer uma atividade específica, como a prestação de serviços públicos",,Decreto
Art. 33. A lei disporá sobre a organização administrativa e judi,Organização administrativa dos Territórios,"O artigo 33 estabelece regras sobre a organização administrativa e judiciária dos Territórios. Os Territórios podem ser divididos em Municípios, com aplicação das leis do Capítulo IV do Título IV","Governo do Território, Congresso Nacional, Tribunal de Contas da União, Ministério Público.","Direito Administrativo, Direito Tributário","Multas, prisão.","1.  Municípios: Unidades administrativas e políticas que compõem um território, geralmente com uma população significativa",,Decreto
"Art. 32. O Distrito Federal, vedada sua divisão em Municípios, r",Competências do Distrito Federal,"O Distrito Federal tem uma lei orgânica especial, aprovada por dois turnos com um intervalo mínimo de 10 dias. Isso significa que a Câmara Legislativa deve aprovar e promulgar a lei para o Governo do Distrito Federal","Distrito Federal, Câmara Legislativa, Polícias civil e militar.","Direito Administrativo, Direito Tributário",Multas.,"1.  Lei orgánica: Refere-se a um conjunto de regras e normas que regem uma entidade política, como municípios ou distritos federais",,Lei
"Art. 35. O Estado não intervirá em seus Municípios, nem a União ",Intervenção do Estado nos Municípios,"O Estado e a União não podem interferir nos municípios, exceto em situações específicas. Isso inclui","Municípios, União, Tribunal de Justiça.","Direito Administrativo, Direito Tributário e Direito Civil",Multas.,"1.  Dívida fundada: refere-se ao valor total das dívidas do município, incluindo empréstimos e obrigações contratuais",,Decreto
Art. 31. A fiscalização do Município será exercida pelo Poder Le,Fiscalização do Município Exercida pelo Poder Legislativo,"O controle fiscal do município é exercido pelo poder legislativo municipal, com ajuda dos tribunais e conselhos de contas. O governo deve enviar suas contas anualmente à câmara municipal para aprovação. Os contribuintes podem examinar as contas durante 60 dias após a publicação. Além disso, não pode ser criado nenhum órgão de controle no município.","Câmara Municipal, Prefeito, Tribunais de Contas dos Estados, Conselhos ou Tribunais de Contas dos Municípios.","Direito Administrativo, Direito Tributário","Multas, prisão.","1. Tribunais de Contas: órgãos responsáveis pela fiscalização e controle das contas públicas, em nível estadual ou municipal",,Decreto
Art. 34. A União não intervirá nos Estados nem no Distrito Feder,Intervenção da União nos Estados,"A União não interfere nos Estados, exceto em casos específicos como","União, Estados, Distrito Federal.","Direito Constitucional, Direito Administrativo e Direito Tributário","Multa, prisão.","1. Termo: EC - Excepcionalidade Constitucional, explicação: Acesso especial à Constituição para alterações em determinados aspectos do Estado brasileiro",,Decreto
"Art. 36. A decretação da intervenção dependerá: (EC no 45/2004)
",Intervenção Judiciária e Consequências da Desobediência,"A decretação da intervenção depende do Poder Legislativo, Executivo ou Judiciário solicitar ou requisitar. Isso pode ocorrer em casos de desobediência a uma decisão judiciária, coação contra o Tribunal Superior Eleitoral ou recusa à execução de lei federal. O decreto específico deve ser submetido ao Congresso Nacional dentro de 24 horas e especificará as condições de execução.","Poder Legislativo, Poder Executivo, Supremo Tribunal Federal.",Direito Administrativo,"Multas, prisão.","1. Requisição: é a solicitação formalizada para obter algo, como uma ação ou um ato administrativo",,Lei Ordinária
"art. 40 ou dos arts. 42 e 142 com a remuneração de cargo, empreg",Remuneração Pública,"O artigo 40, junto com os arts. 42 e 142, estabelece regras sobre a remuneração dos cargos públicos. Ele exclui certos cargos do limite de remuneração e define como não sendo computadas em relação à remuneração as parcelas indenizatórias previstas na lei. Além disso, permite que os Estados e o Distrito Federal fixem um limite único para a remuneração dos desembargadores do Tribunal de Justiça dentro de seu âmbito.","Estados, Distrito Federal, Supremo Tribunal Federal.","Direito Administrativo, Direito Constitucional",Multas.,"1.  Cargo acumulável: Refere-se a cargo que pode ser ocupado simultaneamente com outro, conforme estabelecido na Constituição",,Decreto
Art. 37. A administração pública direta e indireta de qualquer d,Princípios da Administração Pública,Aqui está um resumo simplificado da seção relacionada à administração pública,"Distrito Federal, Estados, Municípios, União.","Administração Pública,","XXI – os atos das administrações tributárias da União, dos Estados e Municípios","Aqui estão as explicações para cada termo, seguidas pela lista em ordem alfabética com os termos entre parêntese","Não foi possível extrair informações sobre condições específicas relacionadas a datas ou prazos No entanto, posso fornecer uma visão geral dos incisos mencionados na Lei nº 8666/1993, que regulamenta as normas gerais para os contratos da União com o particular",Lei nº 8666/1993  Código Administrativo
"Art. 38. Ao servidor público da administração direta, autárquica",Afastamento do servidor público em mandato eleito,Um servidor público que é eleito para um cargo político deve afastar-se do seu trabalho. Isso inclui,"Servidores Públicos, Administração Direta, Autárquica e Fundacional.","Direito Administrativo, Direito Constitucional","Multas, prisão e advertências.","1.  Inciso: expressão que se refere a um artigo específico do código, neste caso da EC nº 19/98 e EC nº 18/98",,Atenção Normativa
"Art. 39. A União, os Estados, o Distrito Federal e os Municípios",Conselho de política de administração e remuneração de pessoal,Resumo,"União, Estados, Distrito Federal e Municípios.","Direito Administrativo, Direito Civil e Direito Constitucional","Multas, prisão e advertências.","1. Carreira: refer-se à sequência lógica e progressiva dos cargos ocupados pelo servidor público em uma mesma área funcional, com objetivos fixos que podem ser alcançados por meio da promoção",,Lei
Art. 42. Os membros das Polícias Militares e Corpos de Bombeiros,Membros das Polícias Militares e Corpos de Bombeiros,"Os membros das Polícias Militares e Corpos de Bombeiros Militares são considerados militares dos Estados, do Distrito Federal e dos Territórios. Eles devem seguir as regras estabelecidas no artigo 14, § 8o; artigo 40, § 9o; e artigo 142, §§ 2o e 3o. Além disso, os governadores conferem patentes aos oficiais. As pensionistas recebem benefícios específicos de acordo com a lei do seu estado.","Polícias Militares, Corpos de Bombeiros Militares, Estados, Distrito Federal, Territórios.","Direito Administrativo, Direito Tributário","Multas, prisão.","1. Hierarquia: Refere-se à estrutura organizacional em que as pessoas estão divididas em níveis superiores e inferiores, com uma cadeia de comando clara",,Lei
Art. 41. São estáveis após três anos de efetivo exercício os ser,Servidores Públicos Estáveis após 3 anos,Aqui está um resumo do artigo,"Servidor público, Servidores nomeados para cargo.","Direito Administrativo, Direito Civil",Multas.,"1. Procedimento de avaliação periódica de desempenho, na forma de lei complementar, assegurada ampla defesa",,Lei Ordinária
"Art. 40. Aos servidores titulares de cargos efetivos da União, d",Regime de Previdência para Servidores Públicos,"O artigo 37, XI, da Constituição estabelece regras específicas sobre a previdência social dos servidores públicos. O limite fixado nesse dispositivo é aplicável à soma total dos proventos de inatividade e outras atividades sujeitas a contribuição para o regime geral de previdência social",Entidade.,"Aqui estão as categorias separadas por vírgula, preferindo sempre a categoria mais específica",-,Aqui estão as explicações dos 21 termos,"Nenhuma resposta Este texto parece ser um trecho de uma constituição, especificamente o Capítulo VI  Regime Geral de Previdência Social dos Servidores Públicos Titulares de Cargo Efetivo Não há perguntas para responder ou problemas a resolver nesse trecho","LEI Nº 8112, DE 25 DE NOVEMBRO DE 1989  DISPOSIÇÕES FERMAS E COMPLEMENTARES A RESPEITO DA PREVIDÊNCIA DO SERVIDOR PÚBLICO CIVIL"
"Art. 44. O Poder Legislativo é exercido pelo Congresso Nacional,",Poder Legislativo do Congresso Nacional,"O Poder Legislativo é exercido pelo Congresso Nacional, composto pela Câmara dos Deputados e do Senado Federal. A duração de cada legislatura é de quatro anos.","Câmara dos Deputados, Senado Federal.","Direito Constitucional, Direito Administrativo",Multas,"1. Câmara dos Deputados - É a casa baixa do Poder Legislativo, composta por eleitos que representam os estados brasileiros",,Decreto
"Art. 43. Para efeitos administrativos, a União poderá articular ",Integração Regional em Desenvolvimento Econômico e Social,O artigo 43 estabelece regras para a União trabalhar em conjunto com regiões específicas do país. Isso inclui,"União, Lei, Organismos regionais, Congresso Nacional.",Direito Constitucional,"Multas, prisão e advertências.","1. Termo: Organismos Regionais - São entidades governamentais que executam, na forma da lei, os planos regionais, integrantes dos planos nacionais de desenvolvimento econômico e social",12 de março de 2021,Decreto
Art. 45. A Câmara dos Deputados compõe-se de representantes do p,Câmara dos Deputados composição e eleição,"A Câmara dos Deputados é composta por representantes eleitos pelo sistema proporcional, em cada estado e no Distrito Federal. O número total de deputados será estabelecido por lei complementar, com uma distribuição igual entre os estados e o Distrito Federal, garantindo que nenhum tenha menos de 8 ou mais de 70 membros.","Câmara dos Deputados, Estados, Distrito Federal.","Direito Eleitoral, Direito Constitucional",-,"1. Lei Complementar: É um tipo de lei que complementa e completa uma legislação geral, como a Constituição",,Decreto
"Art. 47. Salvo disposição constitucional em contrário, as delibe",Atribuições do Congresso Nacional,"O artigo 47 estabelece regras sobre como as deliberações do Congresso Nacional e suas comissões devem ser tomadas, exigindo uma maioria absoluta de votos presentes em cada Casa.","Casa, Comissão, Congresso Nacional.","Direito Constitucional, Direito Processual",- Multas e prisão.,"1. Maioria absoluta, significa a participação de todos os membros presentes na assembleia",,Decreto
Art. 46. O Senado Federal compõe-se de representantes dos Estado,Composição do Senado Federal,"O Senado Federal é composto por 27 senadores, eleitos pelo voto popular. Cada estado e o Distrito Federal escolhem três representantes, cujos mandatos duram oito anos. A renovação da representação ocorre em intervalos de quatro anos, com alternância entre um e dois terços dos estados. Além disso, cada senador tem duas suplentes que podem assumir a vaga se o titular não puder atuar.","Senado Federal, Estados, Distrito Federal.","Direito Constitucional, Direito Administrativo",-,1.  Termo: Princípio majoritário - Refere-se à regra eleitoral que determina a escolha do candidato com mais votos como vencedor no pleito,*   oito anos,Decreto
"Art. 48. Cabe ao Congresso Nacional, com a sanção do Presidente ",Cabe ao Congresso Nacional Dispor sobre Competência da União,"O Congresso Nacional tem a responsabilidade de discutir e aprovar leis sobre diversas matérias da União, incluindo","Congresso Nacional, União, Supremo Tribunal Federal.",Direito Administrativo,Multa,1. Termo: Arrecadação - Refere-se ao processo pelo qual as entidades públicas coletam impostos e outros tributos dos cidadãos,,Lei
"Art. 50. A Câmara dos Deputados e o Senado Federal, ou qualquer ",Convocação de Ministros para Informações Pessoais,O artigo 50 estabelece regras sobre como os ministros de Estado devem responder às perguntas da Câmara dos Deputados e do Senado Federal.,"Câmara dos Deputados, Senado Federal.","Direito Constitucional,",Multa e prisão.,"1. Comissão: é um grupo formado por membros do Congresso Nacional, responsável por investigar e discutir assuntos específicos",,Decreto
Art. 49. É da competência exclusiva do Congresso Nacional: (EC n,Competência Exclusiva do Congresso Nacional,O Congresso Nacional tem competência exclusiva para,"Congresso Nacional, Presidência da República, Tribunal de Contas da União.","Direito Constitucional, Direito Internacional, Direito Administrativo e Direito Tributário",Multas.,"1. Delegação legislativa: A delegação legislativa é a transferência de poderes do Legislativo para o Executivo, permitindo que este execute leis sem necessidade de aprovação anterior",19/98,Lei
Art. 51. Compete privativamente à Câmara dos Deputados: (EC no 1,Competência da Câmara dos Deputados,"A Câmara dos Deputados tem competência exclusiva em alguns assuntos, incluindo","Câmara dos Deputados, Congresso Nacional, Senado Federal.","Direito Constitucional, Direito Administrativo e Legislação do Congresso Nacional",Multas,"1.  EC (Editura Constitucional): refere-se a uma alteração na Constituição do Brasil, realizada por meio de um processo legislativo específico",,Decreto
"Art. 52. Compete privativamente ao Senado Federal: (EC no 19/98,",Compete privativamente ao Senado Federal,"O Senado Federal tem algumas competências exclusivas, incluindo","Senado Federal, Supremo Tribunal Federal, União.","Direito Constitucional, Direito Administrativo",Multas.,"1. Argüição pública - é um procedimento em que as partes envolvidas apresentam suas razões e argumentos para uma decisão, geralmente em um tribunal ou órgão jurisdicional",19/98,Lei
"Art. 53. Os Deputados e Senadores são invioláveis, civil e penal",Inviolabilidade dos Deputados e Senadores,"Os Deputados e Senadores têm imunidade, ou seja, são protegidos contra acusações criminais por suas opiniões, palavras e votos. Eles também podem ser julgados pelo Supremo Tribunal Federal após a expedição do diploma","Deputados, Senadores, Supremo Tribunal Federal.","Direito Constitucional, Direito Penal",Multas -,"1. Termo: Inafiançável - Refere-se a um crime que não permite liberdade condicional, sendo necessário cumprir pena prisional antes do julgamento",,Lei Ordinária
"Art. 54. Os Deputados e Senadores não poderão:
I – desde a exped",Responsabilidade dos Deputados e Senadores,Deputados e Senadores devem evitar,"Deputados, Senadores, empresa pública.","Direito Constitucional, Direito Administrativo",Multas.,"1.  Termo: Autarquia - Organização governamental que realiza atividades específicas, geralmente com natureza administrativa e técnica, sob a supervisão do Poder Executivo ou do Legislativo",,Decreto
Art. 55. Perderá o mandato o Deputado ou Senador: (ECR no 6/94 e,Perda do Mandato por Parlamentar,Um membro do Congresso Nacional pode perder seu mandato por,"Deputado, Senador, Câmara dos Deputados e Mesa.","Direito Constitucional, Direito Penal","Multas, prisão.","1. Termo: Incompatibilidade - Refere-se à situação em que uma pessoa é considerada incapaz de exercer um cargo ou função por motivos morais, éticos ou legais",,Decreto
"Art. 56. Não perderá o mandato o Deputado ou Senador:
I – invest",Perda do Mandato por Investidura em Cargo Público,O artigo 56 estabelece regras sobre a perda do mandato dos deputados e senadores. Ele afirma que alguém não perderá o mandato se,"Ministro, Governador, Prefeito.","Direito Constitucional, Direito Administrativo",Multas.,"1. Investido: quando alguém é nomeado para um cargo, especialmente um cargo de alto escalão, como Ministro de Estado",,Decreto
"Art. 57. O Congresso Nacional reunir-se-á, anualmente, na Capita",Reunião do Congresso Nacional Anual,"O Congresso Nacional se reúne anualmente, com datas específicas. As reuniões podem ser transferidas para outros dias úteis e são presididas pelo Presidente do Senado Federal","Câmara dos Deputados, Senado Federal.","Direito Constitucional, Direito Processual e Direito Administrativo",-,1.  Artigo (exposição do conteúdo de um documento oficial,2 de fevereiro,Lei
Art. 58. O Congresso Nacional e suas Casas terão comissões perma,Comissões Parlamentares Permanentes,Aqui está um resumo do artigo,"Congresso Nacional, Casas do Congresso Nacional, Câmara dos Deputados, Senado Federal.","Direito Constitucional, Legislação Eleitoral",Multas e prisão.,"1. Termo: Regimento - Refere-se ao conjunto de regras e procedimentos estabelecidos para a organização e funcionamento de um órgão, como o Congresso Nacional",,Lei
"Art. 59. O processo legislativo compreende a elaboração de:
I – ",Elaboração do Processo Legislativo,O processo legislativo inclui a elaboração de,"Pessoas, empresas, órgãos públicos.","Direito Constitucional, Direito Administrativo e Legislação",Multas.,"1.  Emenda à Constituição: Modificação da Constituição do Brasil, geralmente feita por um processo específico e com revisão popular",,Lei Complementar
"Art. 60. A Constituição poderá ser emendada mediante proposta:
I",Proposta de Emenda Constitucional,"A Constituição pode ser alterada com a aprovação de um terço dos membros da Câmara e do Senado. A proposta deve ser votada em dois turnos, considerando-se aprovada se obtiver 3/5 dos votos. Não são permitidas mudanças nas formas federativas, direitos individuais ou separação dos Poderes.","Câmara dos Deputados, Senado Federal, Assembléias Legislativas.","Direito Constitucional, Direito Administrativo","Multas, prisão e advertências.","1.  Intervenção federal: é um estado de emergência declarado pelo governo, onde o poder executivo assume certas competências do legislativo e judicial para lidar com uma situação crítica ou iminente",,Lei
"Art. 63. Não será admitido aumento da despesa prevista:
I – nos ",Aumentos de Despesa Não Admitidos,"O artigo 63 do texto determina que alguns projetos podem ter sua despesa aumentada, mas há limitações. Não é permitido aumentar a despesa prevista em dois casos específicos:","Câmara dos Deputados, Senado Federal, Ministério Público.","Direito Administrativo, Direito Tributário",Multas.,"1. Disposto, artigo que estabelece regras específicas para a aplicação de outras disposições legais",,Decreto
"Art. 62. Em caso de relevância e urgência, o Presidente da Repúb",Medidas provisórias em casos de relevância e urgência,Aqui está um resumo do artigo,"Presidente da República, Congresso Nacional.","Direito Constitucional, Direito Administrativo",Multas.,"1. Termo: Medidas Provisórias, Forças que permitem ao Presidente da República agir rapidamente em casos de relevância e urgência",* 32/2001,Decreto
Art. 61. A iniciativa das leis complementares e ordinárias cabe ,Iniciativa Legislativa Federal,O artigo 61 do texto define quem tem a iniciativa de propor leis no Brasil.,"Câmara dos Deputados, Senado Federal, Congresso Nacional, Supremo Tribunal Federal, Tribunais Superiores, Procurador-Geral da República.","Direito Constitucional, Direito Administrativo",-,"1. Termo: Comissão - é um grupo formado por pessoas que trabalham juntas para realizar uma tarefa específica, geralmente em um contexto governamental",,Ato Normativo
Art. 65. O projeto de lei aprovado por uma Casa será revisto pel,Revisão do Projeto de Lei por Câmaras,"O projeto de lei aprovado por uma casa do parlamento é enviado à outra casa para revisão. Se essa casa aprovar, ele vai ser sancionado; se rejeitar, será arquivado.","Casa, Projeto de Lei.","Direito Constitucional, Direito Processual",Multas -,1. Termo: Turno,,Decreto
Art. 64. A discussão e votação dos projetos de lei de iniciativa,Discussão dos Projetos de Lei do Presidente,O artigo 64 da Constituição estabelece regras sobre como os projetos de lei do Presidente da República e dos Tribunais Superiores serão discutidos e votados na Câmara dos Deputados.,"Praça dos Deputados, Supremo Tribunal Federal, Câmara dos Deputados.","Direito Constitucional, Direito Administrativo","Multa, prisão.",1. Iniciativa: Refere-se à capacidade conferida ao chefe do Estado (Presidente da República) para apresentar projetos de lei sem a necessidade de um parlamentar,,Decreto
Art. 66. A Casa na qual tenha sido concluída a votação enviará o,Veto ao Presidente da República,Aqui está um resumo do artigo,"Presidente da República, Senado Federal.","Direito Constitucional, Direito Administrativo","Multa, prisão e advertências.","1. Vetá-lo-á total ou parcialmente, no prazo de quinze dias úteis, contados da data do recebimento",,Ato Normativo
Art. 67. A matéria constante de projeto de lei rejeitado somente,Proposta rejeitada projeto lei,"Um projeto de lei rejeitado pode ser novamente apresentado, mas apenas se a maioria dos membros do Congresso Nacional estiver de acordo.","Casos, projeto, Congresso Nacional.","Direito Constitucional, Direito Processual",Multas.,"1. Maioria absoluta, refere-se ao conjunto total dos votos válidos emitidos pelos membros do Congresso Nacional que superam a metade mais um voto.",,Decreto
Art. 68. As leis delegadas serão elaboradas pelo Presidente da R,Delegação de Poder ao Congresso Nacional,O artigo 68 estabelece regras sobre a delegação de poderes ao Presidente da República.,"Poder Executivo, Congresso Nacional, Poder Judiciário.","Direito Constitucional, Direito Administrativo","Multas, prisão.",1.  Termo: Delegação,12 de março de 2021,Atto Normativo
Art. 69. As leis complementares serão aprovadas por maioria abso,Leis Complementares Serão Aprovadas por Maioria Absoluta,"O artigo 69 estabelece que as leis complementares precisam ser aprovadas por maioria absoluta, o que significa que todos os membros do Congresso devem concordar com a proposta.","Lei, órgão público.","Direito Administrativo, Direito Tributário",-,"1. Maioria absoluta: Refere-se a um voto que supera a metade dos votos totais, exigido para aprovação da lei complementar",,Decreto
"Art. 70. A fiscalização contábil, financeira, orçamentária, oper",Fiscalização Contábil e Financeira da União,Aqui está um resumo do artigo,"Poder, União, Pessoas Físicas.","Direito Administrativo, Direito Tributário",Multas.,"1. Controle externo: é a fiscalização exercida pelo Congresso Nacional sobre as entidades da administração direta e indireta, com objetivo verificar a legalidade, legitimidade, economicidade e aplicação das subvenções",,Decreto
"Art. 72. A Comissão mista permanente a que se refere o art. 166,",Responsabilidade da Comissão Mista,"A Comissão mista pode solicitar esclarecimentos da autoridade governamental sobre indícios de gastos não autorizados. Se os esclarecimentos não forem fornecidos ou insuficientes, a Comissão pode pedir ao Tribunal que tome uma decisão conclusiva dentro de 30 dias.","Comissão, Tribunal, Congresso Nacional.","Direito Administrativo, Direito Tributário",Multas.,"1. Comissão mista permanente: É um órgão formado por representantes do governo e da oposição, criado para exercer controle sobre a execução orçamentária",,Decreto
"Art. 71. O controle externo, a cargo do Congresso Nacional, será",Controle Extero do Congresso Nacional,Resumo do Art. 71 da Constituição Brasileira,"Congresso Nacional, Tribunal de Contas da União, Câmara dos Deputados.","Direito Administrativo, Direito Tributário",Multa proporcional ao dano causado ao erário.,"1.  Comissão técnica: é um órgão que atua como intermediário entre as autoridades governamentais e os interessados, com a finalidade de elaborar relatórios técnicos sobre questões específicas",60 dias,Decreto
"Art. 74. Os Poderes Legislativo, Executivo e Judiciário manterão",Controle Interno dos Poderes do Estado,O artigo 74 estabelece a responsabilidade dos Poderes do Estado em relação ao controle interno. Em resumo,"Poderes Legislativo, Executivo, Judiciário, Tribunal de Contas da União.","Direito Administrativo, Direito Tributário",Multa e responsabilidade solidária.,"1. Plurianual: Refere-se ao período de tempo que abrange mais de um ano, geralmente 3 anos, e é utilizado para planejar e orçamentar as atividades do governo",,Decreto
"Art. 73. O Tribunal de Contas da União, integrado por nove Minis",Tribunal de Contas da União Federal,"O Tribunal de Contas da União é um órgão do Poder Judiciário brasileiro responsável por controlar a gestão pública. Ele tem sede no Distrito Federal e jurisdição nacional, com 9 Ministros nomeados pelo Presidente da República e aprovação do Senado Federal","Tribunal de Contas da União, Presidente da República, Senado Federal e Superior Tribunal de Justiça.","Direito Constitucional, Direito Administrativo",Multas.,1. Termo: EC (Extrato Constitucional,,Lei Ordinária
Art. 76. O Poder Executivo é exercido pelo Presidente da Repúbli,Poder Executivo do Presidente da República,"O Presidente da República é o chefe do Poder Executivo, auxiliado por Ministros.","Presidente da República, Ministros de Estado.","Direito Constitucional, Direito Administrativo",,"1. Poder Executivo - É um dos três poderes do Estado, responsável pela execução das leis e pelo governo do país",,Decreto
"Art. 75. As normas estabelecidas nesta seção aplicam-se, no que ",Organização dos Tribunais de Contas Estaduais,"Esse artigo trata das regras sobre os Tribunais de Contas nos Estados, Distrito Federal e Municípios. Ele define a composição desses tribunais e estabelece normas gerais para sua organização e fiscalização. Além disso, o artigo afirma que as Constituições estaduais também regulamentarão os Tribunais de Contas respectivos, com sete conselheiros cada.","Tribunais de Contas dos Estados e do Distrito Federal, Tribunais e Conselhos de Contas dos Municípios, Constituições estaduais.","Direito Administrativo, Direito Tributário",Multas.,"1. Tribunais de Contas: são entidades judiciais que fiscalizam a execução das leis e regulamentos estaduais, bem como as contabilidades dos órgãos do governo",12 de março de 2021,Decreto
Art. 77. A eleição do Presidente e do Vice-Presidente da Repúbli,Eleição do Presidente e Vice-Presidente da República,"A eleição do presidente da República ocorre simultaneamente no primeiro domingo de outubro, com um turno inicial e outro se necessário. O candidato com a maioria absoluta de votos é considerado eleito. Se nenhum candidato alcançar essa majoria na primeira volta, uma nova eleição é realizada em até 20 dias para os dois candidatos mais votados. Em caso de morte ou desistência do candidato antes da segunda volta, o próximo com maior votação é convocado a continuar.","Praça dos Powerhouses, República Federativa do Brasil, EC (Ente Constitucional), Partidos Políticos.","Direito Constitucional, Direito Eleitoral",Multa,1. Termo: Eleição,11/10,Atenção Normativa
Art. 78. O Presidente e o Vice-Presidente da República tomarão p,Posse do Presidente e Vice-Presidente da República,"O Presidente e o Vice-Presidente da República devem tomar posse no Congresso Nacional, comprometendo-se a cumprir as regras do país. Se eles não assumirem seus cargos dentro de 10 dias após a data fixada para a posse, seriam considerados ""vagos"".","Praça, Congresso Nacional.","Direito Constitucional, Direito Administrativo",Multas - Prisão.,"1.  Vago: Refere-se a um cargo que se torna vazio após a ausência do seu ocupante, sem motivo de força maior, por mais de dez dias",,Decreto
"Art. 79. Substituirá o Presidente, no caso de impedimento, e suc",Sucessão do Presidente da República,"O Vice-Presidente da República assume a presidência se o Presidente estiver impedido ou ausente. Ele também auxilia o presidente em missões especiais, conforme convocado pelo próprio.","Presidente, Vice-Presidente.","Direito Constitucional, Direito Administrativo",-,"1. Impedimento, substituição",,Decreto
Art. 81. Vagando os cargos de Presidente e Vice-Presidente da Re,Eleição para Presidente e Vice-Presidente da República,"Quando um presidente ou vice-presidente da República deixam seu cargo, geralmente há uma eleição dentro de 90 dias. Se a vaga for preenchida no último ano do mandato presidencial, a eleição será feita mais cedo, nos próximos 30 dias. O Congresso Nacional decidirá sobre os candidatos e eles terão que completar o período restante dos seus antecessores.","Constituição, Congresso Nacional.","Direito Constitucional, Direito Administrativo",- Multas,"1. Vacância - É a situação em que um cargo público fica vazio, geralmente devido à morte, renúncia ou abdicação do titular",90 dias,Decreto
Art. 83. O Presidente e o Vice-Presidente da República não poder,Ausência Excessiva do Chefe do Estado,"O presidente e vice-presidente do Brasil não podem ficar fora do país por mais de 15 dias sem permissão do Congresso Nacional. Se fizerem isso, perderão seus cargos.","Presidente, Congresso Nacional.","Direito Constitucional, Direito Administrativo",Multas.,"1. Licença, refere-se a autorização formal concedida pelo Congresso Nacional para que um cargo público possa ser exercido fora do território nacional por período determinado",15 dias,Decreto
Art. 82. O mandato do Presidente da República é de quatro anos e,Mandato do Presidente da República,"O mandato do presidente da República é de quatro anos. Ele começa no início do ano seguinte à sua eleição, em 1º de janeiro.",Presidente da República.,"Direito Constitucional, Direito Administrativo",-,"1. Mandato: é um período determinado em que alguém ocupa uma posição ou cargo, neste caso, o mandato do Presidente da República",01/01/XXXX  04 anos,Decreto
Art. 80. Em caso de impedimento do Presidente e do Vice-Presiden,Sucessão Presidencial em Casos de Impedimento,"Quando o presidente e vice-presidente estão impedidos ou ausentes, a presidência é assumida pelo presidente da Câmara dos Deputados, depois do senador federal e do ministro-chefe do Supremo Tribunal Federal.","Câmara dos Deputados, Senado Federal, Supremo Tribunal Federal.","Direito Constitucional, Direito Administrativo",- Multas,"1. Impedimento, explica que é a situação em que alguém está impedido exercer um cargo público por causa de uma lei ou regulamento específico",12 de março de 2021,Ato Normativo
Art. 84. Compete privativamente ao Presidente da República: (EC ,Competências do Presidente da República,"O artigo 84 da Constituição Brasileira define as atribuições exclusivas do Presidente da República. O presidente tem poderes amplos, incluindo","Presidente da República, Ministros de Estado, Congresso Nacional, Tribunais Superiores, Supremo Tribunal Federal.","Direito Constitucional, Direito Administrativo e Direito Penal","Multa, prisão e advertências.","1. Vetar: Tem a capacidade de rejeitar um projeto de lei, total ou parcialmente",,Lei
Art. 85. São crimes de responsabilidade os atos do Presidente da,Crimes de responsabilidade do Presidente da República,O artigo 85 do Brasil estabelece que atos do presidente da República contra a Constituição Federal são crimes de responsabilidade. Isso inclui,"Praça, União, Poder Legislativo, Ministério Público, Federação.","Direito Constitucional, Direito Administrativo","Multas, prisão.","1. Responsabilidade (relacionada à imputação de culpa sobre um indivíduo, especialmente em relação a atos cometidos no exercício de função pública",,Decreto
"Art. 86. Admitida a acusação contra o Presidente da República, p",Acusação ao Presidente da República,"O artigo 86 estabelece regras sobre a acusação contra o Presidente da República. Se houver dois terços do voto dos deputados, ele será submetido a julgamento. Isso pode acontecer tanto na Suprema Corte quanto no Senado Federal","Câmara dos Deputados, Supremo Tribunal Federal, Senado Federal.","Direito Constitucional, Direito Penal","Multas, prisão.","1. Responsabilidade: Relacionado à capacidade de ser responsabilizado por atos, seja como membro da sociedade ou como funcionário público",,Decreto
Art. 87. Os Ministros de Estado serão escolhidos dentre brasilei,Ministros de Estado,"Os Ministros de Estado devem ser brasileiros maiores de 20 anos, com direitos políticos. Eles têm muita responsabilidade e fazem várias coisas importantes, como","Ministros de Estado, Presidente da República.","Direito Constitucional, Direito Administrativo",-,1.  Orientação: é a ação de direcionar e guiar uma pessoa ou grupo em uma determinada direção,,Decreto
Art. 88. A lei disporá sobre a criação e extinção de Ministérios,Criação e extinção de Ministérios,"O artigo 88 estabelece a competência da lei para criar, alterar ou extinguir Ministérios e órgãos da administração pública.","Ministérios, Conselho da República, Conselho de Defesa Nacional.","Direito Administrativo, Direito Constitucional",-,"1. Administração pública: Refere-se ao sistema pelo qual a esfera do Estado exerce suas funções, especialmente em relação às relações entre o Estado e os cidadãos",,Decreto
"Art. 90. Compete ao Conselho da República pronunciar-se sobre:
I",Compete ao Conselho da República,"O Conselho da República tem a responsabilidade de discutir questões importantes, como intervenções federais e estados de defesa. Além disso, ele também se concentra na estabilidade das instituições democráticas. O Presidente pode convidar ministros para participar dessas discussões quando as questões envolvem suas áreas de competência.","Conselho da República, Conselho de Defesa Nacional.","Direito Administrativo, Direito Constitucional","Multas, prisão.","1.  Compete ao Conselho da República, responsável por proferir decisões sobre questões que afetam a estabilidade das instituições democráticas e a intervenção federal em casos de estado de defesa ou estado de sítio",,Decreto
Art. 89. O Conselho da República é órgão superior de consulta do,Órgãos do Conselho da República,"O Conselho da República é um grupo importante do governo brasileiro. Ele está composto por várias pessoas importantes, incluindo o presidente do país, líderes políticos e outros profissionais. O conselho ajuda a orientar as decisões do presidente e é formado por uma mistura de nominação presidencial e eleição pelo Congresso Nacional.","Conselho da República, Câmara dos Deputados, Senado Federal.","Direito Constitucional, Direito Administrativo",Multas.,"1.  Câmara dos Deputados: é um órgão legislativo do Brasil, composto por eleitos que representam os estados e os distritos federais",,Ato Normativo
"Art. 93. Lei complementar, de iniciativa do Supremo Tribunal Fed",Lei Complementar da Magistratura,Aqui está um resumo do artigo 93 da Constituição Brasileira,"Supremo Tribunal Federal, Ordem dos Advogados do Brasil, Tribunais Superiores.","Direito Constitucional, Direito Administrativo e Direito Tributário",Multas.,1. Termo: Concurso público,,Lei
Art. 91. O Conselho de Defesa Nacional é órgão de consulta do Pr,Conselho de Defesa Nacional,"O Conselho de Defesa Nacional é um órgão consultivo do Presidente da República, formado por sete membros natos e outros integrantes nomeados pelo chefe do Executivo. O conselho tem como objetivo garantir a soberania nacional e a defesa do Estado democrático","Conselho de Defesa Nacional, Vice-Presidente da República, Câmara dos Deputados, Senado Federal.","Direito Constitucional,","Multas, prisão e advertências.","1. Declaração de guerra: é a declaração oficial do governo de um país de intenção de entrar em conflito com outro país, geralmente após ser atacado ou ter seus interesses ameaçados",,Lei
"Art. 92. São órgãos do Poder Judiciário: (EC no 45/2004)
I – o S",Órgãos do Poder Judiciário Brasileiro,O artigo 92 do Código Civil Brasileiro lista os órgãos do Poder Judiciário. Eles incluem,"Supremo Tribunal Federal, Conselho Nacional de Justiça, Superior Tribunal de Justiça.","Direito Constitucional, Direito Administrativo","Multas, prisão.","1.  Conselho Nacional de Justiça (Conselho é um órgão colegiado que atua como uma espécie de ""ministério"" dentro do Poder Judiciário, responsável por diversas atividades relacionadas à organização e funcionamento do sistema judiciário",,Decreto
"Art. 94. Um quinto dos lugares dos Tribunais Regionais Federais,",Membros do Ministério Público e Advogados Tribunais Regionais Federais,"Um quinto dos membros do Tribunal Regional Federal será escolhido por um grupo específico, incluindo","Tribunais Regionais Federais, Tribunais dos Estados, Distrito Federal e Territórios, Ministério Público.","Direito Administrativo, Direito Civil",Multas.,"1.  Tribunais Regionais Federais - São tribunais federais que têm competência para processar e julgar ações relacionadas à administração pública federal, incluindo questões sobre contratos públicos",,Decreto
Art. 95. Os juízes gozam das seguintes garantias: (EC no 19/98 e,Garantias dos Juízes,"Os juízes têm direitos especiais, como","Juízes, Tribunal, Tribunal do qual se afastou.","Direito Constitucional, Direito Administrativo","Multas, prisão e advertências.","1.  Irredutibilidade de subsídio: Garante que o salário dos juízes não pode ser reduzido, exceto em casos específicos previstos na lei",,Decreto
"Art. 96. Compete privativamente: (EC no 19/98 e EC no 41/2003)
I",Compete privativamente aos tribunais,Os tribunais brasileiros têm competência privativa para tomar decisões sobre,"Poder Judiciário, Supremo Tribunal Federal, Tribunais Superiores.","Direito Administrativo, Direito Tributário",Multas.,1. Termo: EC (Editiva Constitucional,,Lei
"Art. 98. A União, no Distrito Federal e nos Territórios, e os Es",Juizados Especiais com Procedimentos Simplificados,Aqui está um resumo do artigo,"União, Estados.","Direito Processual, Direito Administrativo","Multas, prisão.","1. Togado: Refere-se a um juiz que exerce suas funções com autoridade e seriedade, geralmente vestindo roupas formais e usando uma máscara para ocultar seu rosto",,Decreto
Art. 97. Somente pelo voto da maioria absoluta de seus membros o,Declaração de inconstitucionalidade dos atos do Poder Público,Um tribunal pode declarar uma lei ou ação do governo como inválida apenas se for votado com mais da metade dos membros.,"Tribunais, Poder Público.","Direito Constitucional, Direito Processual",-,"1. Maioria absoluta, significa a maioria total dos membros do órgão competente, sem restrições ou exceções",,Decreto
Art. 101. O Supremo Tribunal Federal compõe-se de onze Ministros,Ministros do Supremo Tribunal Federal,"O Supremo Tribunal Federal é composto por 11 ministros, escolhidos entre cidadãos com mais de 35 e menos de 65 anos. Eles devem ter conhecimento jurídico notável e uma reputação imaculada. Os ministros são nomeados pelo presidente da República após aprovação do Senado Federal por maioria absoluta.","Supremo Tribunal Federal, Senado Federal e Presidente da República.","Direito Constitucional, Direito Administrativo",Multas,"1. saber jurídico, referência ao conhecimento e habilidade em direito que é exigido para ser um ministro do Supremo Tribunal Federal",31/05/2024  65 anos,Decreto
"Art. 100. Os pagamentos devidos pelas Fazendas Públicas Federal,",Pagamentos de Fazendas Públicas em Ordem Cronológica,Resumo,"Fazendas Públicas, Fazenda Federal, Estado, Distrito Federal, Município.","Direito Administrativo, Direito Tributário","Multas, prisão.",1.  Preterimento: Refere-se à situação em que um credor é privado do direito de receber seu crédito antes da sua prioridade estabelecida pela lei,1 de julho,Lei
Art. 99. Ao Poder Judiciário é assegurada autonomia administrati,Autonomia administrativa e financeira do Poder Judiciário,"O Poder Judiciário tem autonomia administrativa e financeira. Isso significa que os tribunais têm controle sobre seus próprios orçamentos e podem apresentar propostas orçamentárias sem a intervenção do Executivo. Para aprovar essas propostas, é necessário o consentimento dos Presidentes dos Tribunais Superiores e dos Tribunais de Justiça em cada estado ou distrito federal. Se não forem encaminhadas as propostas dentro do prazo estabelecido, os limites orçamentários podem ser ajustados pelo Executivo. Além disso, o Judiciário não pode realizar despesas ou assumir obrigações que vão além dos limites estabelecidos na lei de diretrizes orçamentárias sem autorização prévia do Congresso.","Poder Judiciário, Supremo Tribunal Federal, Tribunais Superiores, União, Estados, Distrito Federal e Territórios.","Direito Processual,",Multa e prisão.,1. EC (Editura Constitucional): Refere-se a um editivo constitucional que altera dispositivos da Carta Magna,,Decreto
"Art. 102. Compete ao Supremo Tribunal Federal, precipuamente, a ",Compete ao Supremo Tribunal Federal a guarda da Constituição,O Supremo Tribunal Federal (STF) é responsável por,"Supremo Tribunal Federal, Conselho Nacional de Justiça, Congresso Nacional, Câmara dos Deputados, Senado Federal, Tribunais Superiores, Tribunal de Contas da União.","Direito Constitucional, Direito Penal",Multas.,1. Ação declaratória de constitucionalidade - é um recurso que visa provar a constitucionalidade de uma lei ou ato normativo federal ou estadual,,Lei
Art. 103. Podem propor a ação direta de inconstitucionalidade e ,Ações Diretas Constitucionais Possíveis,Aqui está um resumo simplificado do artigo,"Presidente da República, Mesa do Senado Federal, Mesa da Câmara dos Deputados, Governador de Estado ou do Distrito Federal.","Direito Constitucional, Direito Administrativo","Multas, prisão.","1. Ação direta de inconstitucionalidade: procedimento jurídico utilizado para impugnar a constitucionalidade de uma lei ou ato normativo, com o objetivo de declarar sua inconstitucionalidade",,Lei Ordinária
"Art. 103-A. O Supremo Tribunal Federal poderá, de ofício ou por ",Aprovação de Súmula Vinculante do Supremo Tribunal Federal,"O Supremo Tribunal Federal pode aprovar súmulas que são decisões vinculantes em casos constitucionais. Essa decisão é tomada por dois terços dos membros do tribunal e tem como objetivo resolver controvérsias jurídicas graves. As súmulas podem ser propostas por quem acredita que há insegurança jurídica ou multiplicação de processos sobre questões semelhantes. Se uma decisão administrativa ou judicial for contrária à súmula aplicável, é possível fazer reclamação ao Supremo Tribunal Federal para anular o ato ou cassar a decisão.","Supremo Tribunal Federal, Poder Judiciário, Administração pública.","Direito Constitucional, Direito Administrativo e Direito Processual",Multas.,"1. Termo: Aprovação - Refere-se ao ato de aprovar algo, nesse caso, a súmula",,Decreto
Art. 103-B. O Conselho Nacional de Justiça compõe-se de 15 (quin,Membros do Conselho Nacional de Justiça,"O Conselho Nacional de Justiça é composto por 15 membros, nomeados pelo Presidente da República e aprovado pela maioria absoluta do Senado Federal. Eles têm mandato de 2 anos e incluem","Conselho Nacional de Justiça, Supremo Tribunal Federal, Superior Tribunal de Justiça, Ministério Público da União, Senado Federal, Câmara dos Deputados, Ordem dos Advogados do Brasil, Tribunal Superior do Trabalho, Tribunal Regional Federal, Tribunal Regional do Trabalho, Tribunais de Contas da União.","Direito Administrativo, Direito Tributário",Multas.,"1. Termo: Mandato - Refere-se ao período de tempo durante o qual alguém ocupa uma posição ou cargo, nesse caso, os membros do Conselho Nacional de Justiça têm mandato de 2 anos",15 anos,Lei
"Art. 104. O Superior Tribunal de Justiça compõe-se de, no mínimo",Superior Tribunal de Justiça - Composição e Nomeação dos Ministros,"O Superior Tribunal de Justiça (STJ) é composto por pelo menos 33 Ministros. Os Ministros são nomeados pelo Presidente da República, mas primeiro precisam ser aprovados pela maioria absoluta do Senado Federal. A escolha inclui juízes e desembargadores de Tribunais Regionais Federais e Estaduais, bem como advogados e membros do Ministério Público Federal e estadual.","Superior Tribunal de Justiça, Senado Federal, Ministério Público Federal.","Direito Constitucional, Direito Administrativo",Multas -,1. Termo: Tribunais Regionais Federais - São tribunais federais que julgam casos relacionados à administração pública e às relações entre os entes federativos,,Decreto
"Art. 106. São órgãos da Justiça Federal:
I – os Tribunais Region",Órgãos da Justiça Federal,Os Tribunais Regionais Federais (TRFs) e os Juízes Federais são órgãos da Justiça Federal.,"Tribunais Regionais Federais, Juízes Federais.","Direito Constitucional, Direito Processual",-,"1. Tribunais Regionais Federais, São órgãos da Justiça Federal que são compostos por juízes federais e têm competência para julgar questões relacionadas à Administração Pública Federal",,Despacho
"Art. 105. Compete ao Superior Tribunal de Justiça: (EC no 22/99,",Competência do STJ nos crimes federais,"O Superior Tribunal de Justiça (STJ) é o tribunal mais alto do país, responsável por processar e julgar casos específicos. Ele tem competência em",Governadores dos Estados e do Distrito Federal; Desembargadores dos Tribunais de Justiça dos Estados e do Distrito Federal; Ministério Público da União; Tribunal Supremo Federal.,"Direito Administrativo, Direito Tributário","Multas, prisão.",1. Termo: EC (Estatuto da Criança e do Adolescente) - Regulamenta a competência do Superior Tribunal de Justiça em casos específicos,22/99,Lei
"Art. 107. Os Tribunais Regionais Federais compõem-se de, no míni",Tribunais Regionais Federais Composição,"Os Tribunais Regionais Federais têm pelo menos 7 juízes, escolhidos pelo presidente da República. Eles devem ser brasileiros entre 30 e 65 anos de idade. Os juízes são nomeados com base em critérios como experiência profissional ou carreira no Ministério Público Federal. A lei determinará as regras para a remoção, permuta e jurisdição dos tribunais. Além disso, os tribunais podem funcionar de forma descentralizada, com câmaras regionais, para garantir acesso à justiça em todo o território.","Tribunais Regionais Federais, Presidente da República, Ministério Público Federal.","Direito Constitucional, Direito Administrativo",Multas.,"1.  Termo: Recrutamento - Refere-se ao processo sistemático e objetivo de selecionar candidatos para um cargo, nesse caso, os juízes dos Tribunais Regionais Federais",,Lei
Art. 109. Aos juízes federais compete processar e julgar: (EC no,Processo e Julgamento Federais,Resumo,"União, Estado, Município, Organismo internacional, Empresa pública federal.","Direito Constitucional, Direito Penal",Multas,1.  EC (Estatuto do Crédito Público,,Lei
Art. 111. São órgãos da Justiça do Trabalho: (EC no 24/99 e EC n,Órgãos da Justiça do Trabalho,Aqui está um resumo do artigo,"Tribunal Superior do Trabalho, Tribunais Regionais do Trabalho, Juízes do Trabalho.","Direito Trabalhista, Direito Processual",-,"1. Tribunal Superior do Trabalho: é a instância superior da Justiça do Trabalho, responsável por resolver litígios trabalhistas complexos e importantes",,Decreto
"Art. 110. Cada Estado, bem como o Distrito Federal, constituirá ",Seção Judiciária dos Estados,"Cada estado, bem como o Distrito Federal, terá uma seção judiciária com sede na capital e varas localizadas segundo a lei. Nos Territórios Federais, as jurisdições federais caberão aos juízes locais.","Distrito Federal, Tribunais, Estados.","Direito Administrativo, Direito Tributário",-,"1. Tribunais e Juízes do Trabalho: são tribunais especializados em questões trabalhistas, que julgam casos relacionados a contratos de trabalho, licenças temporárias, férias, entre outros",,Decreto
"Art. 108. Compete aos Tribunais Regionais Federais:
I – processa",Competência dos Tribunais Regionais Federais,"O Tribunal Regional Federal tem autoridade para processar, julgar e decidir questões relacionadas a","Tribunal Regional Federal, Justiça Militar, Ministério Público da União.","Direito Constitucional, Direito Penal","Multas, prisão.",1.  Competência: Refere-se à autoridade jurisdicional que tem a capacidade de decidir sobre um determinado assunto ou caso,12/03/2021  31/12/XXXX,Decreto
Art. 111-A. O Tribunal Superior do Trabalho compor-se-á de vinte,Tribunal Superior do Trabalho Composição,"O Tribunal Superior do Trabalho (TST) é composto por 27 ministros. Eles devem ser brasileiros com mais de 35 anos e menos de 65, nomeados pelo presidente da República após aprovação do Senado Federal","Tribunal Superior do Trabalho, Senado Federal, Ministério Público do Trabalho.","Direito Administrativo, Direito Civil",Multas.,1. Termo: Advogado,,Lei
"Art. 112. A lei criará varas da Justiça do Trabalho, podendo, na",Varas da Justiça do Trabalho,"A lei criará varas da Justiça do Trabalho, que podem ser usadas em comarcas onde a justiça trabalhista já não existe. Essa vara pode ser ocupada por juízes de direito e ter um recurso para o Tribunal Regional do Trabalho.","Justiça do Trabalho, Tribunal Regional do Trabalho.","Direito Trabalhista, Direito Processual",-,"1. Varas da Justiça do Trabalho - são tribunais especializados na justiça trabalhista, criados pela lei para julgar questões relacionadas ao trabalho e às relações de emprego",,Decreto
"Art. 113. A lei disporá sobre a constituição, investidura, juris",Constituição e Regulamentação da Justiça do Trabalho,"Esse artigo define as regras sobre a Justiça do Trabalho. Ele especifica como será feita a constituição, investidura e jurisdição dos órgãos dessa área, bem como suas competências, garantias e condições de exercício.","Justiça do Trabalho, lei.","Direito Tributário, Direito Administrativo",-,"1. Investidura, jurisdição e competência",,Decreto
"Art. 115. Os Tribunais Regionais do Trabalho compõem-se de, no m",Os Tribunais Regionais do Trabalho,"O Tribunal Regional do Trabalho (TRT) é composto por pelo menos 7 juízes. Eles são nomeados pelo presidente da república e devem ter entre 30 e 65 anos de idade. Além disso, os membros do TRT podem ser advogados ou funcionários públicos com mais de 10 anos de experiência","Tribunais Regionais do Trabalho, Presidente da República, Ministério Público do Trabalho.","Direito Trabalhista, Direito Processual",Multas.,1.  Termo: Advogado,,Decreto
Art. 114. Compete à Justiça do Trabalho processar e julgar: (EC ,Compete à Justiça do Trabalho processar e julgar ações trabalhistas,"A Justiça do Trabalho tem competência para processar e julgar casos relacionados à relação de trabalho, incluindo","Pessoas, União, Estados.","Direito Trabalhista, Direito Administrativo",Multas.,1.  EC no 20/98 - Emenda Constitucional que estabelece a competência da Justiça do Trabalho para processar e julgar certas ações relacionadas à relação de trabalho,,Decreto
"Art. 116. Nas Varas doTrabalho, a jurisdição será exercida por u",Jurisdição nas Varas do Trabalho,"Em Varas do Trabalho, um juiz singular decide casos.","Juiz, Varas do Trabalho","Direito Trabalhista, Direito Processual",-,"1. Jurisdição: Refere-se à autoridade concedida a um juiz para tomar decisões em casos específicos, neste caso, as Varas do Trabalho",,Decreto
"Art. 118. São órgãos da Justiça Eleitoral:
I – o Tribunal Superi",Órgãos da Justiça Eleitoral,Os órgãos da Justiça Eleitoral incluem,"Tribunal Superior Eleitoral, Tribunais Regionais Eleitorais, Juízes Eleitorais.","Direito Eleitoral, Direito Administrativo",-,"1. Tribunal Superior Eleitoral: é a instância superior da Justiça Eleitoral, responsável pela supervisão dos processos eleitorais no país",,Decreto
"Art. 119. O Tribunal Superior Eleitoral compor-se-á, no mínimo, ",Composição do Tribunal Superior Eleitoral,O Tribunal Superior Eleitoral é composto por pelo menos 7 membros.,"Tribunal Superior Eleitoral, Supremo Tribunal Federal, Superior Tribunal de Justiça.","Direito Eleitoral,",Multas.,"1.  Termo: Ministros do Supremo Tribunal Federal - são juízes que compõem o mais alto tribunal do país, responsáveis por interpretar a Constituição e decidir sobre questões constitucionais",,Decreto
"Art. 117. (Revogado) (EC no 24/99)
SEÇÃO VI –
Dos Tribunais e Ju",Tribunais e Juízes Eleitorais,"O artigo 117 foi revogado pela EC nº 24/99. Atualmente, não há regras específicas sobre tribunais e juízes eleitorais no Brasil.","Tribunais, Juízes Eleitorais","Direito Administrativo, Direito Eleitoral",-,"1. EC - Exequibilidade Complementar, refere-se a medida provisória que é convertida em lei sem necessidade de decreto do Presidente da República",'12 de março de 2021',Decreto
Art. 120. Haverá um Tribunal Regional Eleitoral na Capital de ca,Art 120 - Tribunal Regional Eleitoral na Capital,Existem Tribunais Regionais Eleitorais na capital de cada estado e no Distrito Federal. Esses tribunais são compostos por,"Pessoas, Tribunais Regionais Eleitorais, Tribunal Regional Federal.","Direito Eleitoral, Direito Administrativo","Multa, prisão.","1. Desembargador: é um juiz que atua em segundo grau na Justiça, sendo eleito pelo Tribunal de Justiça",,Decreto
"Art. 122. São órgãos da Justiça Militar:
I – o Superior Tribunal",Órgãos da Justiça Militar,"O artigo 122 define os órgãos da Justiça Militar, incluindo","Superior Tribunal Militar, Tribunais e Juízes Militares.","Direito Militar, Direito Processual",-,"1. Superior Tribunal Militar: é a instância superior do sistema jurídico militar, responsável pela revisão dos acórdãos das outras tribunais militares",,Decreto
Art. 121. Lei complementar disporá sobre a organização e competê,Garantias dos Juízes e Tribunais Eleitorais,Aqui está um resumo do artigo,"Tribunais, juízes de direito, juntas eleitorais.","Direito Eleitoral, Direito Administrativo",Multas.,"1. Inamovibilidade: O direito que impede a remoção do funcionário sem justa causa, especialmente aplicável aos membros dos tribunais, juízes de direito e integrantes das juntas eleitorais",,Lei Complementar
Art. 123. O Superior Tribunal Militar compor-se-á de quinze Mini,Composição do Superior Tribunal Militar,"O Superior Tribunal Militar é composto por 15 ministros. Entre eles, há 3 oficiais da Marinha, 4 do Exército e 3 da Aeronáutica, todos ativos e com alto cargo na respectiva força militar. Além disso, são escolhidos 5 civis pelo presidente da República, que devem ter mais de 35 anos, ser advogados ou juízes experientes.","Superior Tribunal Militar, Senado Federal, Exército, Marinha, Aeronáutica.","Direito Constitucional, Direito Militar",Multas.,1.  Termo: Auditor,,Decreto
"Art. 125. Os Estados organizarão sua Justiça, observados os prin",Competência dos Tribunais e Representação de Inconstitucionalidade,"Os Estados organizam sua Justiça, seguindo os princípios estabelecidos na Constituição. Cada Estado tem a responsabilidade de definir a competência dos tribunais e criar uma lei de organização judiciária. Além disso, cada Estado pode instituir representações para julgar leis ou atos normativos estaduais ou municipais que vão contra a Constituição Estadual.","Poder Judiciário, Tribunal de Justiça, Conselho de Justiça, Estado.","Direito Constitucional, Direito Administrativo e Direito Processual",Multas. Prisão. Advertências.,1. Termo: Conselho de Justiça,,Decreto
Art. 124. À Justiça Militar compete processar e julgar os crimes,Competência da Justiça Militar,"A Justiça Militar é responsável por processar e julgar crimes militares, definidos em lei. A organização e funcionamento da Justiça Militar são regulamentados pela lei.","Justiça Militar, Tribunais, Juízes.","Direito Militar, Direito Penal","- Multas, prisão.","1. Competência - A capacidade do tribunal ou juiz de processar e julgar uma causa, nos casos em que tem autoridade para fazê-lo",,Atenção  Desatualização
"Art. 126. Para dirimir conflitos fundiários, o Tribunal de Justi",Conflitos Fundiários na Justiça,"O Tribunal de Justiça pode criar varas especializadas para resolver conflitos relacionados à propriedade e uso do solo. Além disso, os juízes podem visitar localmente onde ocorre o litígio para garantir a prestação jurisdicional eficiente.","Ministério Público, Tribunal de Justiça.","Direito Administrativo, Direito Civil",-,"1. Varas especializadas, competência exclusiva para questões agrárias - São tribunais específicos que lidam com questões relacionadas à propriedade e uso do solo, criados por lei",,Lei
"Art. 127. O Ministério Público é instituição permanente, essenci",Instituições Permanentes do Estado,"O Ministério Público é uma instituição permanente essencial à função jurisdiicional do Estado. Sua principal tarefa é defender a ordem jurídica, o regime democrático e os interesses sociais e individuais indisponíveis","Ministério Público, Estado, Congresso Nacional.","Direito Constitucional, Direito Administrativo",Multas.,"1. Princípio institucional - Refere-se a um princípio geral que define as características fundamentais de uma instituição, nesse caso, do Ministério Público",,Decreto
Art. 128. O Ministério Público abrange: (EC no 19/98 e EC no 45/,Ministério Público da União e dos Estados,"O Ministério Público é composto por várias entidades, incluindo","Ministério Público da União, Ministério Público Federal, Ministério Público do Trabalho, Ministério Público Militar, Ministério Público do Distrito Federal e Territórios.",Direito Constitucional,Multas; prisão e advertências.,"1. Termo: Inamovibilidade - Descrição: A inimovabilidade é a imunidade do servidor público contra a remoção ou destituição, exceto em casos de interesse público e mediante decisão específica",,Decreto
Art. 130. Aos membros do Ministério Público junto aos Tribunais ,Direitos e Vedações do MP,"Os membros do Ministério Público que atuam junto aos Tribunais de Contas são sujeitos às mesmas regras e diretrizes estabelecidas na seção sobre direitos, restrições e forma de investidura.","Ministério Público, Tribunais de Contas, Constituição da República Federativa do Brasil.","Direito Constitucional, Direito Administrativo",Multas.,"1. Investidura, referência ao processo formal e cerimonial pelo qual um funcionário assume seu cargo",81/02012021  80/03152019,Decreto
Art. 129. São funções institucionais do Ministério Público: (EC ,Funções institucionais do Ministério Público,"O Ministério Público tem funções específicas, como","Ministério Público, União, Estados.","Direito Administrativo, Direito Penal e Direito Tributário","Multas, prisão e advertências.","1. Termo: Inquérito civil - é um procedimento jurídico que visa investigar e esclarecer questões relacionadas a direitos individuais ou coletivos, geralmente em busca de responsabilidade por atos ilícitos",,Decreto
Art. 130-A. O Conselho Nacional do Ministério Público compõe-se ,Composição do Conselho Nacional do Ministério Público,"O Conselho Nacional do Ministério Público é um órgão composto por 14 membros nomeados pelo Presidente da República, após aprovação do Senado Federal. O objetivo do Conselho é controlar a atuação administrativa e financeira do Ministério Público, bem como garantir a autonomia funcional e administrativa","Prazer em ajudá-lo. Aqui estão as entidades presentes no texto, separadas por vírgulas","Direito Administrativo, Direito Constitucional","Multas, prisão e advertências.","1.  Artigo (explicação): dispositivo legal que estabelece regras e normas para um assunto específico, como a organização do Ministério Público",,Lei
"Art. 131. A Advocacia-Geral da União é a instituição que, direta",Advocacia-Geral da União e seu Chefe,A Advocacia-Geral da União é a instituição responsável por representar a União em casos judiciais e extrajudiciais. O Advogado-Geral da União é escolhido pelo Presidente da República e deve ter conhecimento jurídico notável e reputação limpa. A Advocacia-Geral também realiza consultorias e assessorias jurídicas para o Poder Executivo.,"Advocacia-Geral da União, Advogado-Geral da União, Procuradoria-Geral da Fazenda Nacional.","Direito Administrativo, Direito Tributário",Multas.,1.  Termo: órgão vinculado - Refere-se a uma unidade autônoma que recebe recursos financeiros e operações administrativas para atender às necessidades de um governo central ou regional,12 de março de 2021,Decreto
"Art. 132. Os Procuradores dos Estados e do Distrito Federal, org",Procuradores Estaduais e Federais Organizados,"Os procuradores dos Estados e do Distrito Federal têm um papel importante na representação judicial e consultoria jurídica. Eles são escolhidos por meio de concurso público e devem ser aprovados pela Ordem dos Advogados do Brasil. Após três anos de trabalho, eles podem se tornar estáveis em seus cargos.","Procuradores, Ordem dos Advogados do Brasil, Corregedorias.","Direito Administrativo, Direito Civil e Direito Penal","- Multas, prisão e advertências.","1.  Concurso público: processo em que os candidatos são avaliados com base em provas e títulos para se qualificar para um cargo, neste caso, o ingresso nos Procuradores dos Estados e do Distrito Federal","'19/98', '3 anos'",Decreto
"Art. 133. O advogado é indispensável à administração da justiça,",O advogado é indispensável à administração da justiça,"O advogado é fundamental na administração da justiça. Ele tem direito a agir sem medo de punição por seus atos profissionais, dentro do limite da lei.","Advogado, Defensoria Pública.","Direito Processual, Direito Penal",Multas.,1. Defensoria Pública: é um sistema jurídico que concede direito a defesa gratuita a indivíduos que não possuem recursos suficientes para contratar um advogado privado,EC no 80/2014,Decreto
"Art. 134. A Defensoria Pública é instituição permanente, essenci",Defensoria Pública e Direitos Humanos,"A Defensoria Pública é uma instituição permanente do Estado, com a missão de promover direitos humanos e defender os necessitados. Ela tem como objetivo principal fornecer orientação jurídica, promoção dos direitos individuais e coletivos, em todos os graus judiciais e extrajudiciais. A Defensoria Pública é organizada por lei complementar e tem autonomia funcional e administrativa. Além disso, ela possui princípios institucionais como a unidade, indivisibilidade e independência funcional.","Defensoria Pública, União, Distrito Federal.","Direito Administrativo, Direito Constitucional",Multas e prisão.,"1. Defensoria Pública: instituição permanente que atua como expressão e instrumento do regime democrático, com a função jurisdicional do Estado, orientando e defendendo os direitos humanos e individuais",,Decreto
Art. 135. Os servidores integrantes das carreiras disciplinadas ,Da Defesa do Estado e das Instituições Democráticas,"Servidores públicos com cargos disciplinados nas carreiras da Seção II e III têm direito a remuneração igual à estabelecida no artigo 39, § 4o.","Seções II, III, Poderes.","Direito Administrativo, Direito Penal",-',"1. EC (Exequível) - Refere-se a um ato do Congresso Nacional que é executado pelo Executivo, sem necessidade de aprovação posterior",'19/98',Decreto
"Art. 136. O Presidente da República pode, ouvidos o Conselho da ",Estado de Defesa Preservar Ordem Pública,"O Presidente da República pode declarar estado de defesa em caso de grave instabilidade institucional ou calamidades naturais. Isso ocorre quando há ameaças à ordem pública e paz social, e o decreto determina medidas coercitivas para proteger a população","Praça dos Três Poderes, Conselho da República, Congresso Nacional, União.","Direito Constitucional, Direito Penal","Multas, prisão.","1. Estado de defesa: Situação jurídica em que a ordem pública é ameaçada por grave instabilidade institucional ou calamidades naturais, e o Presidente da República decreta medidas coercitivas para preservá-la",,Decreto
"Art. 137. O Presidente da República pode, ouvidos o Conselho da ",O Presidente da República pode solicitar autorização para estado de sítio,"O Presidente da República pode solicitar ao Congresso Nacional autorização para declarar estado de sítio em casos graves e importantes, como uma crise nacional ou declaração de guerra. O presidente deve explicar os motivos do pedido e oCongresso decide com maioria absoluta.","Pessoas, Conselho da República, Congresso Nacional.","Direito Constitucional, Direito Administrativo",- Multas.,"1. Defesa, definido como a proteção do país contra ataques externos ou internos",,Decreto
"Art. 140. A Mesa do Congresso Nacional, ouvidos os líderes parti",Mesa do Congresso Nacional e Comissão Militar,A Mesa do Congresso Nacional designa uma comissão composta por 5 membros para acompanhar e fiscalizar a execução das medidas relacionadas ao estado de defesa e ao estado de sítio.,"Mesa do Congresso Nacional, Comissão, Constituição da República Federativa do Brasil.","Direito Constitucional, Direito Administrativo",-,"1. Comissão composta: é um grupo formado por membros de uma instituição, nesse caso a Mesa do Congresso Nacional, para realizar tarefas específicas",,Decreto
Art. 139. Na vigência do estado de sítio decretado com fundament,Medidas Proibidas Durante Estado de Sítio,O artigo 139 estabelece regras sobre as medidas que podem ser tomadas contra pessoas durante um estado de sítio. As seguintes ações são permitidas,"Pessoas, Edifícios, Empresas.","Direito Penal, Direito Administrativo","Multas, prisão.","1.  Art. 137, I - Refer-se à medida excepcional que permite ao Estado tomar medidas drásticas para garantir a ordem pública e manter a segurança nacional",,Decreto
"Art. 138. O decreto do estado de sítio indicará sua duração, as ",Declaração do Estado de Sítio,"O estado de sítio pode ser decreto, com duração definida pelo presidente da república. Ele deve ter normas e garantias suspensas. O tempo máximo é 30 dias por decreto inicial e prorrogações limitadas. Em caso de guerra ou agressão armada estrangeira, o estado de sítio pode durar até que a ameaça se resolva.","Praça dos Três Poderes, Congresso Nacional, Senado Federal.","Direito Constitucional, Direito Penal","Multa, prisão e advertências.","1.  Agressão armada estrangeira: Refere-se a um ataque militar direto contra um país, geralmente considerado uma violação da soberania nacional",,Decreto
"Art. 141. Cessado o estado de defesa ou o estado de sítio, cessa",Responsabilidade após cessação dos estados de defesa e sítio,"Quando um estado de defesa ou sítio termina, seus efeitos também acabam. As pessoas responsáveis pelos problemas criados durante esse período podem ser processadas. Logo após a conclusão do estado de defesa ou sítio, o presidente deve relatar ao Congresso Nacional as medidas tomadas, explicando por que elas foram adotadas e quais pessoas afetaram.","Praça dos poderes do Estado, Congresso Nacional e Forças Armadas.","Direito Administrativo, Direito Penal",-,1. Estado de defesa: Situação em que o governo declara estado de emergência para tomar medidas excepcionais para garantir a segurança nacional,,Lei
"Art. 142. As Forças Armadas, constituídas pela Marinha, pelo Exé",Forças Armadas Nacionais e Regulares,"As Forças Armadas são instituições nacionais permanentes e regulares, com base na hierarquia e disciplina. Eles têm como objetivo principal defender a pátria e garantir os poderes constitucionais","Marinha, Exército, Aeronáutica.",Direito Constitucional,"Multas, prisão.",1.  Habeas corpus: é um recurso judicial que visa garantir a liberdade individual e proteger os direitos individuais contra abusos do poder por parte de autoridades públicas,,Lei
"Art. 143. O serviço militar é obrigatório nos termos da lei.
§ 1",Serviço Militar Obrigatório em Tempo de Paz,"O serviço militar é obrigatório, mas existem exceções. As pessoas com crenças religiosas fortes ou convicções filosóficas políticas podem se eximir de atividades militares em tempo de paz. Além disso, as mulheres e os eclesiásticos não são obrigados a realizar o serviço militar, mas podem ser afetadas por outros encargos legais.","Forças Armadas, Lei.","Direito Militar, Direito Administrativo",Multas.,"1. Imperativo de consciência, entendido como tal o decorrente de crença religiosa e de convicção filosófica ou política",,Decreto
"Art. 144. A segurança pública, dever do Estado, direito e respon",Segurança Pública: Dever do Estado,Aqui está um resumo do artigo 144 da Constituição Brasileira,"polícia federal, polícia rodoviária federal, polícias civis, polícias militares, corpos de bombeiros militares.","Direito Administrativo,",Multas.,1.  Entorpecente: substância que altera a consciência e pode causar dependência,,Lei
"Art. 146. Cabe à lei complementar: (EC no 42/2003)
I – dispor so",Cabe à lei complementar tributária,A lei complementar tem a competência para,"União, Estados, Distrito Federal, Municípios.","Direito Tributário, Direito Administrativo",Multas.,1. Termo: EC - Exequível Constitucional,,Lei
"Art. 145. A União, os Estados, o Distrito Federal e os Município",Tributos Públicos Instituídos Pelos Entes Federativos,"A União, os Estados, Distrito Federal e Municípios podem criar impostos, taxas e contribuição de melhoria. As taxas são usadas para serviços públicos específicos, como polícia ou serviços prestados ao público","União, Estados, Municípios.","Direito Tributário, Direito Administrativo","Multas, prisão e advertências.",1. Tributo - Refere-se a qualquer imposto ou contribuição que é exigido pelo Estado para financiar suas atividades e serviços públicos,,Decreto
Art. 146-A. Lei complementar poderá estabelecer critérios especi,Critérios especiais de tributação,A Lei complementar pode criar regras especiais sobre impostos com o objetivo de evitar concorrência desigual. Isso deve ser feito sem prejudicar a competência da União em estabelecer normas iguais para todos os estados.,"União, Lei.","Direito Tributário, Direito Comercial/Empresarial",Multas e prisão,"1.  Tributação: é a imposição do Estado sobre as pessoas físicas e jurídicas, em forma de impostos",,Decreto
"Art. 147. Competem à União, em Território Federal, os impostos e",Competência dos Impostos em Território Federal,"O artigo 147 do Código Civil Brasileiro estabelece as competências fiscais da União e dos estados no Território Federal. A União tem a responsabilidade de coletar impostos estaduais, enquanto os estados têm a autoridade para cobrar impostos municipais se o território não for dividido em municípios. Já no Distrito Federal, apenas os impostos municipais são aplicados.","União, Distrito Federal.","Direito Tributário, Direito Administrativo",-,"1. Território Federal, é um território sob a administração direta da União e que não faz parte de nenhum estado",,Decreto
Art. 149. Compete exclusivamente à União instituir contribuições,Competência da União em Contribuições Sociais,Aqui está um resumo do artigo,"União, Estados, Municípios.","Direito Tributário, Direito Administrativo",Multas.,"1. Termo: Interesses das categorias profissionais ou econômicas - Refere-se às categorias específicas de pessoas físicas que trabalham em setores específicos da economia, como médicos, professores, engenheiros, etc",,Decreto
"Art. 148. A União, mediante lei complementar, poderá instituir e",Empréstimos Com pulsórios da União,"O governo pode tomar um empréstimo urgente apenas quando há uma situação grave, como uma guerra externa ou uma calamidade pública. Isso é permitido mediante lei e deve ser usado exclusivamente para pagar despesas relacionadas à situação que justificou o empréstimo.","União, Lei.","Direito Tributário, Direito Administrativo e Direito Penal",Multas.,"1. Empréstimo compulsório: é um empréstimo concedido pelo Estado, mediante lei complementar, para atender a despesas extraordinárias e imprevistas, como calamidades públicas ou investimentos de caráter urgente",,Atenção Normativa
Art. 149-A. Os Municípios e o Distrito Federal poderão instituir,Contribuição para iluminação pública,"Os Municípios podem criar uma contribuição para pagar a iluminação pública, sem precisar pedir autorização do governo. Isso é permitido desde que sigam as regras estabelecidas na Constituição. A cobrança dessa contribuição pode ser feita junto com o faturamento da energia elétrica.","Municípios, Distrito Federal, Brasil","Direito Administrativo, Direito Tributário",- Multas.,"1.  Contribuição: é um imposto que pode ser cobrado pelo Estado para financiar uma atividade específica, como a iluminação pública",39/2002,Lei
Art. 150. Sem prejuízo de outras garantias asseguradas ao contri,Exigir tributo sem lei que o estabeleça,Resumo,"União, Estados, Distrito Federal e Municípios.",Direito Tributário,Multas.,1. Termo: Autarquia,,Decreto
"Art. 1o A República Federativa do Brasil, formada pela união indissolúvel dos Estados
e Municípios e do Distrito Federal, constitui-se em Estado Democrático de Direito e
tem como fundamentos:
I – a soberania;
II – a cidadania;
III – a dignidade da pessoa humana;
IV – os valores sociais do trabalho e da livre iniciativa;
V – o pluralismo político.
Parágrafo único. Todo o poder emana do povo, que o exerce por meio de represen-
tantes eleitos ou diretamente, nos termos desta Constituição."
"Art. 2o São Poderes da União, independentes e harmônicos entre si, o Legislativo, o
Executivo e o Judiciário."
"Art. 3o Constituem objetivos fundamentais da República Federativa do Brasil:
I – construir uma sociedade livre, justa e solidária;
II – garantir o desenvolvimento nacional;
III – erradicar a pobreza e a marginalização e reduzir as desigualdades sociais e
regionais;
IV – promover o bem de todos, sem preconceitos de origem, raça, sexo, cor, idade
e quaisquer outras formas de discriminação."
"Art. 2o São Poderes da União, independentes e harmônicos entre si, o Legislativo, o
Executivo e o Judiciário.",Poderes da União
"Art. 1o A República Federativa do Brasil, formada pela união indissolúvel dos Estados
e Municípios e do Distrito Federal, constitui-se em Estado Democrático de Direito e
tem como fundamentos:
I – a soberania;
II – a cidadania;
III – a dignidade da pessoa humana;
IV – os valores sociais do trabalho e da livre iniciativa;
V – o pluralismo político.
Parágrafo único. Todo o poder emana do povo, que o exerce por meio de represen-
tantes eleitos ou diretamente, nos termos desta Constituição.",Estado Democrático de Direito do Brasil
"Art. 3o Constituem objetivos fundamentais da República Federativa do Brasil:
I – construir uma sociedade livre, justa e solidária;
II – garantir o desenvolvimento nacional;
III – erradicar a pobreza e a marginalização e reduzir as desigualdades sociais e
regionais;
IV – promover o bem de todos, sem preconceitos de origem, raça, sexo, cor, idade
e quaisquer outras formas de discriminação.",Objetivos Fundamentais da República Federativa do Brasil
"Art. 1o A República Federativa do Brasil, formada pela união indissolúvel dos Estados
e Municípios e do Distrito Federal, constitui-se em Estado Democrático de Direito e
tem como fundamentos:
I – a soberania;
II – a cidadania;
III – a dignidade da pessoa humana;
IV – os valores sociais do trabalho e da livre iniciativa;
V – o pluralismo político.
Parágrafo único. Todo o poder emana do povo, que o exerce por meio de represen-
tantes eleitos ou diretamente, nos termos desta Constituição.",Estado Democrático de Direito do Brasil
"Art. 3o Constituem objetivos fundamentais da República Federativa do Brasil:
I – construir uma sociedade livre, justa e solidária;
II – garantir o desenvolvimento nacional;
III – erradicar a pobreza e a marginalização e reduzir as desigualdades sociais e
regionais;
IV – promover o bem de todos, sem preconceitos de origem, raça, sexo, cor, idade
e quaisquer outras formas de discriminação.",Objetivos Fundamentais da República Federativa do Brasil
"Art. 2o São Poderes da União, independentes e harmônicos entre si, o Legislativo, o
Executivo e o Judiciário.","Poderes da União - Legislativo, Executivo e Judiciário"
"Art. 2o São Poderes da União, independentes e harmônicos entre si, o Legislativo, o
Executivo e o Judiciário.",Poderes da União
"Art. 1o A República Federativa do Brasil, formada pela união indissolúvel dos Estados
e Municípios e do Distrito Federal, constitui-se em Estado Democrático de Direito e
tem como fundamentos:
I – a soberania;
II – a cidadania;
III – a dignidade da pessoa humana;
IV – os valores sociais do trabalho e da livre iniciativa;
V – o pluralismo político.
Parágrafo único. Todo o poder emana do povo, que o exerce por meio de represen-
tantes eleitos ou diretamente, nos termos desta Constituição.",Estado Democrático de Direito do Brasil
"Art. 3o Constituem objetivos fundamentais da República Federativa do Brasil:
I – construir uma sociedade livre, justa e solidária;
II – garantir o desenvolvimento nacional;
III – erradicar a pobreza e a marginalização e reduzir as desigualdades sociais e
regionais;
IV – promover o bem de todos, sem preconceitos de origem, raça, sexo, cor, idade
e quaisquer outras formas de discriminação.",Objetivos Fundamentais da República Federativa do Brasil
"Art. 1o A República Federativa do Brasil, formada pela união indissolúvel dos Estados
e Municípios e do Distrito Federal, constitui-se em Estado Democrático de Direito e
tem como fundamentos:
I – a soberania;
II – a cidadania;
III – a dignidade da pessoa humana;
IV – os valores sociais do trabalho e da livre iniciativa;
V – o pluralismo político.
Parágrafo único. Todo o poder emana do povo, que o exerce por meio de represen-
tantes eleitos ou diretamente, nos termos desta Constituição.",Estado Democrático de Direito do Brasil
"Art. 3o Constituem objetivos fundamentais da República Federativa do Brasil:
I – construir uma sociedade livre, justa e solidária;
II – garantir o desenvolvimento nacional;
III – erradicar a pobreza e a marginalização e reduzir as desigualdades sociais e
regionais;
IV – promover o bem de todos, sem preconceitos de origem, raça, sexo, cor, idade
e quaisquer outras formas de discriminação.",Objetivos Fundamentais da República Federativa do Brasil
"Art. 2o São Poderes da União, independentes e harmônicos entre si, o Legislativo, o
Executivo e o Judiciário.","Poderes da União: Legislativo, Executivo e Judiciário"
"Art. 2o São Poderes da União, independentes e harmônicos entre si, o Legislativo, o
Executivo e o Judiciário.",Poderes da União
"Art. 1o A República Federativa do Brasil, formada pela união indissolúvel dos Estados
e Municípios e do Distrito Federal, constitui-se em Estado Democrático de Direito e
tem como fundamentos:
I – a soberania;
II – a cidadania;
III – a dignidade da pessoa humana;
IV – os valores sociais do trabalho e da livre iniciativa;
V – o pluralismo político.
Parágrafo único. Todo o poder emana do povo, que o exerce por meio de represen-
tantes eleitos ou diretamente, nos termos desta Constituição.",Estado Democrático de Direito do Brasil
"Art. 3o Constituem objetivos fundamentais da República Federativa do Brasil:
I – construir uma sociedade livre, justa e solidária;
II – garantir o desenvolvimento nacional;
III – erradicar a pobreza e a marginalização e reduzir as desigualdades sociais e
regionais;
IV – promover o bem de todos, sem preconceitos de origem, raça, sexo, cor, idade
e quaisquer outras formas de discriminação.",Objetivos Fundamentais da República Federativa do Brasil
"Art. 1o A República Federativa do Brasil, formada pela união indissolúvel dos Estados
e Municípios e do Distrito Federal, constitui-se em Estado Democrático de Direito e
tem como fundamentos:
I – a soberania;
II – a cidadania;
III – a dignidade da pessoa humana;
IV – os valores sociais do trabalho e da livre iniciativa;
V – o pluralismo político.
Parágrafo único. Todo o poder emana do povo, que o exerce por meio de represen-
tantes eleitos ou diretamente, nos termos desta Constituição.",Estado Democrático de Direito do Brasil
"Art. 3o Constituem objetivos fundamentais da República Federativa do Brasil:
I – construir uma sociedade livre, justa e solidária;
II – garantir o desenvolvimento nacional;
III – erradicar a pobreza e a marginalização e reduzir as desigualdades sociais e
regionais;
IV – promover o bem de todos, sem preconceitos de origem, raça, sexo, cor, idade
e quaisquer outras formas de discriminação.",Objetivos Fundamentais da República Federativa do Brasil
"Art. 2o São Poderes da União, independentes e harmônicos entre si, o Legislativo, o
Executivo e o Judiciário.","Poderes da União - Legislativo, Executivo e Judiciário"
"Art. 1o A República Federativa do Brasil, formada pela união indissolúvel dos Estados
e Municípios e do Distrito Federal, constitui-se em Estado Democrático de Direito e
tem como fundamentos:
I – a soberania;
II – a cidadania;
III – a dignidade da pessoa humana;
IV – os valores sociais do trabalho e da livre iniciativa;
V – o pluralismo político.
Parágrafo único. Todo o poder emana do povo, que o exerce por meio de represen-
tantes eleitos ou diretamente, nos termos desta Constituição.",Estado Democrático de Direito do Brasil
"Art. 3o Constituem objetivos fundamentais da República Federativa do Brasil:
I – construir uma sociedade livre, justa e solidária;
II – garantir o desenvolvimento nacional;
III – erradicar a pobreza e a marginalização e reduzir as desigualdades sociais e
regionais;
IV – promover o bem de todos, sem preconceitos de origem, raça, sexo, cor, idade
e quaisquer outras formas de discriminação.",Objetivos Fundamentais da República Federativa do Brasil
"Art. 2o São Poderes da União, independentes e harmônicos entre si, o Legislativo, o
Executivo e o Judiciário.","Poderes da União - Legislativo, Executivo e Judiciário"
